Size,toolchain,instrumentation,nodes,cores,benchmark,grand_mean_avg,se_avg,median_p50,mean_p90,worst_p90,mean_p99,worst_p99
1,gompi2024a,OFF,1,4,collective-osu_allgather,0.76,0.002981423969999722,0.75,0.797,0.81,0.9199999999999999,0.98
1,gompi2024a,OFF,1,96,collective-osu_allgather,5.4719999999999995,0.034985711369071804,5.145,6.337,6.4,9.64,11.92
1,gompi2024a,OFF,4,4,collective-osu_allgather,2.6079999999999997,0.007272474743090484,2.56,2.6149999999999998,2.62,3.4539999999999997,4.71
1,gompi2024a,OFF,4,96,collective-osu_allgather,7.726999999999999,0.013085190950926966,6.98,10.633,10.72,12.78,14.13
1,gompi2024a,ON,1,4,collective-osu_allgather,1.241,0.0027688746209726936,1.19,1.251,1.26,2.967,3.23
1,gompi2024a,ON,1,96,collective-osu_allgather,5.968,0.022100779272334323,5.66,6.946,7.17,10.501000000000001,11.4
1,gompi2024a,ON,4,4,collective-osu_allgather,3.074,0.0026666666666666726,3.02,3.075,3.08,4.75,4.91
1,gompi2024a,ON,4,96,collective-osu_allgather,8.189,0.043930500667405316,7.425,10.962,11.13,13.151,13.64
1,intel2024a,OFF,1,4,collective-osu_allgather,1.419,0.007810249675906661,1.09,1.196,1.23,6.354,7.07
1,intel2024a,OFF,1,96,collective-osu_allgather,7.0040000000000004,0.04570922591045855,5.63,6.7170000000000005,7.16,30.220999999999997,32.52
1,intel2024a,OFF,4,4,collective-osu_allgather,2.876,0.0026666666666666657,2.85,2.891,2.91,3.7049999999999996,4.1
1,intel2024a,OFF,4,96,collective-osu_allgather,14.782,0.03545889639192589,14.215,15.328999999999999,15.92,23.616,28.24
1,intel2024a,ON,1,4,collective-osu_allgather,2.0,0.0025819888974715844,1.6,1.7559999999999998,1.78,10.718,11.53
1,intel2024a,ON,1,96,collective-osu_allgather,7.523999999999999,0.044352126342613096,6.02,7.911,8.67,31.048000000000002,32.81
1,intel2024a,ON,4,4,collective-osu_allgather,3.414,0.0030550504633039023,3.37,3.428,3.44,5.0649999999999995,5.22
1,intel2024a,ON,4,96,collective-osu_allgather,15.471,0.007218802609235893,14.89,16.35,16.69,24.02,25.84
2,gompi2024a,OFF,1,4,collective-osu_allgather,0.747,0.0033499585403736327,0.74,0.781,0.81,0.8619999999999999,0.9
2,gompi2024a,OFF,1,96,collective-osu_allgather,5.611,0.05218450174354659,5.42,6.465000000000001,6.58,8.992,11.17
2,gompi2024a,OFF,4,4,collective-osu_allgather,2.59,0.0021081851067789215,2.58,2.617,2.63,2.972,3.2
2,gompi2024a,OFF,4,96,collective-osu_allgather,7.6129999999999995,0.02836468853267306,7.515,8.029,8.2,9.616,9.95
2,gompi2024a,ON,1,4,collective-osu_allgather,1.228,0.003265986323710907,1.19,1.248,1.26,2.782,2.85
2,gompi2024a,ON,1,96,collective-osu_allgather,6.215,0.027172289806590342,5.92,7.079000000000001,7.21,10.443999999999999,11.83
2,gompi2024a,ON,4,4,collective-osu_allgather,3.068,0.006960204339273716,3.02,3.074,3.14,4.686,4.76
2,gompi2024a,ON,4,96,collective-osu_allgather,8.149,0.05508478313775348,7.955,8.532,8.7,10.464,10.79
2,intel2024a,OFF,1,4,collective-osu_allgather,1.0950000000000002,0.008198915917499211,1.08,1.115,1.15,1.183,1.28
2,intel2024a,OFF,1,96,collective-osu_allgather,5.884,0.060299253726725316,5.66,6.296,6.62,9.904,11.26
2,intel2024a,OFF,4,4,collective-osu_allgather,2.888,0.0051207638319124065,2.86,2.896,2.91,3.565,4.27
2,intel2024a,OFF,4,96,collective-osu_allgather,12.675,0.03556683848755756,12.495000000000001,13.005,13.19,15.018,16.25
2,intel2024a,ON,1,4,collective-osu_allgather,1.6329999999999998,0.0026034165586355284,1.59,1.641,1.65,3.3630000000000004,3.55
2,intel2024a,ON,1,96,collective-osu_allgather,6.348,0.03329330930449003,6.08,6.768000000000001,6.9,11.053,12.39
2,intel2024a,ON,4,4,collective-osu_allgather,3.425,0.001666666666666705,3.38,3.428,3.44,5.072,5.2
2,intel2024a,ON,4,96,collective-osu_allgather,13.372,0.08263440230584629,13.06,13.642,13.98,18.716,36.04
4,gompi2024a,OFF,1,4,collective-osu_allgather,0.75,0.003333333333333336,0.74,0.786,0.8,0.8629999999999999,0.91
4,gompi2024a,OFF,1,4,collective-osu_allreduce,0.8160000000000001,0.003711842908553336,0.8,0.8469999999999999,0.86,0.9709999999999999,0.99
4,gompi2024a,OFF,1,96,collective-osu_allgather,7.295999999999999,0.0647936896790283,7.045,8.466,8.71,11.806000000000001,12.19
4,gompi2024a,OFF,1,96,collective-osu_allreduce,4.798,0.025024432505497917,4.385,5.6899999999999995,5.78,8.503,9.87
4,gompi2024a,OFF,4,4,collective-osu_allgather,2.596,0.0026666666666666726,2.57,2.604,2.62,2.95,3.19
4,gompi2024a,OFF,4,4,collective-osu_allreduce,2.675,0.004281744192888377,2.65,2.698,2.71,3.29,3.57
4,gompi2024a,OFF,4,96,collective-osu_allgather,8.244,0.03232474112640175,8.04,8.915000000000001,9.04,10.293000000000001,10.75
4,gompi2024a,OFF,4,96,collective-osu_allreduce,9.017,0.02118962010041717,8.91,9.224,9.3,12.534,13.38
4,gompi2024a,ON,1,4,collective-osu_allgather,1.234,0.0022110831935702687,1.19,1.247,1.26,2.866,2.97
4,gompi2024a,ON,1,4,collective-osu_allreduce,1.307,0.0033499585403736327,1.26,1.3210000000000002,1.35,2.984,3.08
4,gompi2024a,ON,1,96,collective-osu_allgather,7.931,0.03023794525647099,7.57,9.172,9.37,13.09,13.73
4,gompi2024a,ON,1,96,collective-osu_allreduce,5.432,0.03918049401310692,5.095,6.329,6.43,9.844,10.66
4,gompi2024a,ON,4,4,collective-osu_allgather,3.068,0.0024944382578492887,3.02,3.073,3.09,4.682,4.73
4,gompi2024a,ON,4,4,collective-osu_allreduce,3.166,0.003055050463303899,3.115,3.173,3.19,4.85,4.96
4,gompi2024a,ON,4,96,collective-osu_allgather,8.609,0.05673427339605029,8.395,9.198,9.47,11.568000000000001,12.39
4,gompi2024a,ON,4,96,collective-osu_allreduce,9.687000000000001,0.0157797338380595,9.51,9.884,9.96,12.897,13.71
4,intel2024a,OFF,1,4,collective-osu_allgather,1.112,0.00727247474309045,1.1,1.135,1.17,1.1889999999999998,1.29
4,intel2024a,OFF,1,4,collective-osu_allreduce,0.544,0.003711842908553351,0.53,0.591,0.62,0.645,0.69
4,intel2024a,OFF,1,96,collective-osu_allgather,6.034000000000001,0.039698866482558444,5.835,6.468999999999999,6.84,9.940999999999999,11.99
4,intel2024a,OFF,1,96,collective-osu_allreduce,3.8280000000000003,0.07768597757067301,3.3949999999999996,4.975,5.44,5.7509999999999994,6.2
4,intel2024a,OFF,4,4,collective-osu_allgather,2.868,0.003265986323710928,2.85,2.888,2.9,3.3850000000000002,3.89
4,intel2024a,OFF,4,4,collective-osu_allreduce,1.893,0.0026034165586355535,1.8650000000000002,1.9149999999999998,1.93,2.543,2.87
4,intel2024a,OFF,4,96,collective-osu_allgather,12.841,0.004818944098266884,12.78,12.969,13.01,14.256,14.64
4,intel2024a,OFF,4,96,collective-osu_allreduce,5.457,0.01955334583474991,4.985,5.3420000000000005,5.37,23.791,27.7
4,intel2024a,ON,1,4,collective-osu_allgather,1.661,0.0027688746209726936,1.62,1.6629999999999998,1.68,3.38,3.56
4,intel2024a,ON,1,4,collective-osu_allreduce,1.115,0.004533823502911797,1.08,1.1309999999999998,1.16,2.878,2.99
4,intel2024a,ON,1,96,collective-osu_allgather,6.544,0.04052982440952174,6.29,6.992,7.19,11.248000000000001,11.92
4,intel2024a,ON,1,96,collective-osu_allreduce,3.72,0.06102822662051097,3.58,4.043,4.68,7.681,8.12
4,intel2024a,ON,4,4,collective-osu_allgather,3.439,0.018040078836979747,3.38,3.4219999999999997,3.43,5.011,5.31
4,intel2024a,ON,4,4,collective-osu_allreduce,2.472,0.01678623774935223,2.4,2.478,2.5,4.242,5.04
4,intel2024a,ON,4,96,collective-osu_allgather,13.431999999999999,0.01590248058916864,13.33,13.544,13.58,15.569999999999999,16.19
4,intel2024a,ON,4,96,collective-osu_allreduce,5.878,0.019367785395111938,5.65,5.97,6.02,10.83,12.63
8,gompi2024a,OFF,1,4,collective-osu_allgather,0.752,0.0044221663871405375,0.74,0.78,0.81,0.881,0.95
8,gompi2024a,OFF,1,4,collective-osu_allreduce,0.8130000000000001,0.0029999999999999866,0.8,0.8469999999999999,0.86,0.9279999999999999,0.98
8,gompi2024a,OFF,1,96,collective-osu_allgather,7.928,0.06226823695378998,7.67,8.994,9.18,12.129999999999999,12.86
8,gompi2024a,OFF,1,96,collective-osu_allreduce,4.693,0.0168027775481714,4.365,5.641,5.71,7.741,9.49
8,gompi2024a,OFF,4,4,collective-osu_allgather,2.5759999999999996,0.0022110831935702865,2.57,2.601,2.61,2.814,3.08
8,gompi2024a,OFF,4,4,collective-osu_allreduce,2.676,0.0030550504633038928,2.66,2.7039999999999997,2.72,3.084,3.32
8,gompi2024a,OFF,4,96,collective-osu_allgather,9.15,0.039888734137737546,8.91,9.787,10.01,11.116,11.33
8,gompi2024a,OFF,4,96,collective-osu_allreduce,8.940000000000001,0.049193495504995355,8.82,9.056000000000001,9.13,11.071000000000002,11.71
8,gompi2024a,ON,1,4,collective-osu_allgather,1.234,0.0022110831935702687,1.1949999999999998,1.252,1.26,2.784,2.92
8,gompi2024a,ON,1,4,collective-osu_allreduce,1.3,0.003651483716701111,1.26,1.3210000000000002,1.34,2.897,3.04
8,gompi2024a,ON,1,96,collective-osu_allgather,8.597,0.027245794782559327,8.285,9.829,10.02,13.131,13.48
8,gompi2024a,ON,1,96,collective-osu_allreduce,5.333,0.011357816691600544,5.075,6.256,6.32,9.918000000000001,11.75
8,gompi2024a,ON,4,4,collective-osu_allgather,3.075,0.020723041389826054,3.02,3.064,3.07,4.452,4.68
8,gompi2024a,ON,4,4,collective-osu_allreduce,3.161,0.0027688746209727053,3.12,3.173,3.19,4.759,4.83
8,gompi2024a,ON,4,96,collective-osu_allgather,9.555,0.04321136681733441,9.305,10.376999999999999,10.59,12.141,12.45
8,gompi2024a,ON,4,96,collective-osu_allreduce,9.506,0.02324746103221689,9.42,9.673,9.8,12.345,13.61
8,intel2024a,OFF,1,4,collective-osu_allgather,1.092,0.008537498983243774,1.08,1.117,1.16,1.184,1.35
8,intel2024a,OFF,1,4,collective-osu_allreduce,0.548,0.005120763831912402,0.535,0.591,0.62,0.61,0.63
8,intel2024a,OFF,1,96,collective-osu_allgather,12.792,0.07244614858254671,9.094999999999999,21.281,23.54,66.101,74.25
8,intel2024a,OFF,1,96,collective-osu_allreduce,3.749,0.06320073839231101,3.3899999999999997,4.965,5.43,5.684,5.94
8,intel2024a,OFF,4,4,collective-osu_allgather,2.881,0.008491826135238011,2.86,2.891,2.9,3.3560000000000003,3.72
8,intel2024a,OFF,4,4,collective-osu_allreduce,1.906,0.013920408678547387,1.87,1.9119999999999997,1.92,2.5170000000000003,2.97
8,intel2024a,OFF,4,96,collective-osu_allgather,14.215,0.01327068615826299,13.614999999999998,14.793000000000001,14.93,27.528,29.57
8,intel2024a,OFF,4,96,collective-osu_allreduce,5.161,0.02830194339616984,5.015,5.254,5.29,8.654,10.33
8,intel2024a,ON,1,4,collective-osu_allgather,1.6349999999999998,0.003726779962499633,1.59,1.638,1.65,3.346,3.75
8,intel2024a,ON,1,4,collective-osu_allreduce,1.122,0.0032659863237108756,1.08,1.137,1.16,2.8,2.84
8,intel2024a,ON,1,96,collective-osu_allgather,17.481,0.04473253849269003,13.22,33.167,34.05,56.871,59.87
8,intel2024a,ON,1,96,collective-osu_allreduce,3.6979999999999995,0.06341748794912785,3.5949999999999998,3.896,4.48,7.391,7.98
8,intel2024a,ON,4,4,collective-osu_allgather,3.4170000000000003,0.002134374745810934,3.38,3.425,3.43,4.765,4.98
8,intel2024a,ON,4,4,collective-osu_allreduce,2.464,0.004000000000000009,2.4,2.475,2.49,4.266,4.56
8,intel2024a,ON,4,96,collective-osu_allgather,15.541,0.07622262714502082,14.375,18.149,19.56,29.347,36.9
8,intel2024a,ON,4,96,collective-osu_allreduce,5.782,0.029582276976445044,5.655,5.897,5.94,9.189,10.11
16,gompi2024a,OFF,1,4,collective-osu_allgather,0.917,0.004484541349024574,0.91,0.9709999999999999,0.99,1.06,1.16
16,gompi2024a,OFF,1,4,collective-osu_allreduce,0.8009999999999999,0.0031446603773522042,0.8,0.833,0.84,0.9099999999999999,0.95
16,gompi2024a,OFF,1,96,collective-osu_allgather,9.125,0.07966945601811402,8.94,10.109,10.35,13.428,14.22
16,gompi2024a,OFF,1,96,collective-osu_allreduce,4.686999999999999,0.011836853936376476,4.395,5.631,5.68,7.6659999999999995,9.11
16,gompi2024a,OFF,4,4,collective-osu_allgather,2.636,0.013840359661351097,2.61,2.648,2.66,2.873,2.95
16,gompi2024a,OFF,4,4,collective-osu_allreduce,2.673,0.0029999999999999988,2.645,2.681,2.7,3.128,3.43
16,gompi2024a,OFF,4,96,collective-osu_allgather,10.878,0.03395421754199156,10.3,12.847999999999999,13.04,15.558000000000002,15.77
16,gompi2024a,OFF,4,96,collective-osu_allreduce,11.125,0.010461569884316842,10.985,11.308,11.34,14.578999999999999,15.42
16,gompi2024a,ON,1,4,collective-osu_allgather,1.351,0.009480975102218578,1.31,1.3900000000000001,1.43,2.9210000000000003,3.31
16,gompi2024a,ON,1,4,collective-osu_allreduce,1.293,0.0033499585403736327,1.25,1.314,1.33,2.9059999999999997,2.98
16,gompi2024a,ON,1,96,collective-osu_allgather,9.803,0.03815319995317126,9.49,10.823,11.05,14.781,15.83
16,gompi2024a,ON,1,96,collective-osu_allreduce,5.298,0.010624918300339506,5.07,6.229,6.28,9.522,10.83
16,gompi2024a,ON,4,4,collective-osu_allgather,3.096,0.0076303487615063835,3.05,3.1109999999999998,3.19,4.465,4.82
16,gompi2024a,ON,4,4,collective-osu_allreduce,3.152,0.0024944382578492926,3.11,3.157,3.16,4.82,4.93
16,gompi2024a,ON,4,96,collective-osu_allgather,11.443999999999999,0.04679031238764429,10.66,13.398,13.68,16.399,16.78
16,gompi2024a,ON,4,96,collective-osu_allreduce,11.794,0.03239341496868358,11.57,11.959999999999999,12.02,16.064,17.52
16,intel2024a,OFF,1,4,collective-osu_allgather,1.097,0.008950481054731677,1.0750000000000002,1.116,1.16,1.194,1.44
16,intel2024a,OFF,1,4,collective-osu_allreduce,0.542,0.003590109871423005,0.53,0.589,0.61,0.606,0.63
16,intel2024a,OFF,1,96,collective-osu_allgather,7.969999999999999,0.038901585229053716,7.705,9.224,9.35,11.974,12.55
16,intel2024a,OFF,1,96,collective-osu_allreduce,3.7369999999999997,0.04962190376570952,3.37,4.955,5.28,5.7410000000000005,6.22
16,intel2024a,OFF,4,4,collective-osu_allgather,2.93,0.009660917830792938,2.91,2.9539999999999997,2.97,3.843,9.06
16,intel2024a,OFF,4,4,collective-osu_allreduce,1.863,0.005385164807134484,1.835,1.8760000000000001,1.89,2.462,2.73
16,intel2024a,OFF,4,96,collective-osu_allgather,14.831999999999999,0.09461970666245421,14.3,14.886000000000001,14.93,15.719999999999999,16.89
16,intel2024a,OFF,4,96,collective-osu_allreduce,5.079,0.008089774066341097,5.0,5.229,5.29,7.427,8.77
16,intel2024a,ON,1,4,collective-osu_allgather,1.6349999999999998,0.0026874192494328385,1.59,1.636,1.65,3.409,3.84
16,intel2024a,ON,1,4,collective-osu_allreduce,1.115,0.004772607021092091,1.08,1.1300000000000001,1.15,2.815,2.91
16,intel2024a,ON,1,96,collective-osu_allgather,8.55,0.03797660098300294,8.135000000000002,9.974,10.17,13.453999999999999,14.48
16,intel2024a,ON,1,96,collective-osu_allreduce,3.6590000000000003,0.06433333333333333,3.5549999999999997,4.0,5.08,6.69,7.32
16,intel2024a,ON,4,4,collective-osu_allgather,3.474,0.014079141387961925,3.42,3.476,3.48,4.823,5.2
16,intel2024a,ON,4,4,collective-osu_allreduce,2.4240000000000004,0.002211083193570286,2.37,2.441,2.45,4.105,4.36
16,intel2024a,ON,4,96,collective-osu_allgather,15.491,0.08256243428797112,14.93,15.376,15.41,17.447,18.53
16,intel2024a,ON,4,96,collective-osu_allreduce,5.727,0.01106044001535803,5.62,5.868,5.92,8.654,8.98
32,gompi2024a,OFF,1,4,collective-osu_allgather,1.064,0.004760952285695237,1.06,1.129,1.17,1.204,1.24
32,gompi2024a,OFF,1,4,collective-osu_allreduce,1.136,0.003999999999999984,1.13,1.206,1.22,1.291,1.32
32,gompi2024a,OFF,1,96,collective-osu_allgather,10.692,0.055573774790313134,10.475,11.789,11.93,14.888,15.4
32,gompi2024a,OFF,1,96,collective-osu_allreduce,6.522,0.05174295443181934,6.255,7.429,7.55,10.276,11.32
32,gompi2024a,OFF,4,4,collective-osu_allgather,2.925,0.00859586463881841,2.8899999999999997,3.052,3.09,3.2369999999999997,3.37
32,gompi2024a,OFF,4,4,collective-osu_allreduce,2.73,0.010327955589886426,2.71,2.751,2.76,2.975,3.15
32,gompi2024a,OFF,4,96,collective-osu_allgather,13.334999999999999,0.04962638187272752,12.585,16.03,16.22,19.497999999999998,20.13
32,gompi2024a,OFF,4,96,collective-osu_allreduce,12.103,0.11573004987661781,11.805,12.303,13.57,17.544999999999998,34.25
32,gompi2024a,ON,1,4,collective-osu_allgather,1.494,0.014847371634213404,1.46,1.5450000000000002,1.59,3.0260000000000002,3.7
32,gompi2024a,ON,1,4,collective-osu_allreduce,1.557,0.021911437906059737,1.5350000000000001,1.6149999999999998,1.68,3.2340000000000004,3.4
32,gompi2024a,ON,1,96,collective-osu_allgather,11.383,0.04356476659972928,11.055,12.534,12.76,16.015,16.77
32,gompi2024a,ON,1,96,collective-osu_allreduce,6.922,0.02042873792805945,6.71,7.898000000000001,7.97,11.838,13.14
32,gompi2024a,ON,4,4,collective-osu_allgather,3.3549999999999995,0.001666666666666631,3.3,3.493,3.5,4.527,4.81
32,gompi2024a,ON,4,4,collective-osu_allreduce,3.2119999999999997,0.022201101073795627,3.1550000000000002,3.214,3.23,4.622,4.75
32,gompi2024a,ON,4,96,collective-osu_allgather,14.142,0.06167657578043713,13.105,16.753999999999998,16.97,20.328,20.72
32,gompi2024a,ON,4,96,collective-osu_allreduce,12.488,0.03875277767822296,12.3,12.690000000000001,12.81,15.831999999999999,16.15
32,intel2024a,OFF,1,4,collective-osu_allgather,1.1199999999999999,0.008027729719194836,1.1,1.144,1.19,1.241,1.59
32,intel2024a,OFF,1,4,collective-osu_allreduce,0.54,0.00365148371670111,0.525,0.589,0.62,0.612,0.64
32,intel2024a,OFF,1,96,collective-osu_allgather,8.683,0.03642496091662658,8.43,9.587,9.8,13.094999999999999,14.12
32,intel2024a,OFF,1,96,collective-osu_allreduce,3.7520000000000002,0.06194621322835911,3.4,4.922,5.4,5.75,6.05
32,intel2024a,OFF,4,4,collective-osu_allgather,3.261,0.017792008193443357,3.22,3.393,3.44,3.661,4.01
32,intel2024a,OFF,4,4,collective-osu_allreduce,1.9,0.007453559924999304,1.88,1.927,1.94,2.3449999999999998,2.6
32,intel2024a,OFF,4,96,collective-osu_allgather,18.548,0.023981474331473223,18.42,18.941,18.99,19.819,20.12
32,intel2024a,OFF,4,96,collective-osu_allreduce,5.2,0.025298221281347063,5.05,5.294,5.34,8.177,9.42
32,intel2024a,ON,1,4,collective-osu_allgather,1.6640000000000001,0.0022110831935702687,1.6150000000000002,1.672,1.68,3.3899999999999997,4.05
32,intel2024a,ON,1,4,collective-osu_allreduce,1.153,0.023478122203920447,1.085,1.141,1.17,2.7920000000000003,2.92
32,intel2024a,ON,1,96,collective-osu_allgather,9.304,0.04230051221124085,8.96,10.331,10.7,13.959,15.51
32,intel2024a,ON,1,96,collective-osu_allreduce,3.6980000000000004,0.06366230351541555,3.59,4.018,4.93,6.574,7.83
32,intel2024a,ON,4,4,collective-osu_allgather,3.789,0.0031446603773522238,3.75,3.933,3.96,5.043,5.26
32,intel2024a,ON,4,4,collective-osu_allreduce,2.455,0.002687419249432848,2.4050000000000002,2.4859999999999998,2.5,4.0280000000000005,4.19
32,intel2024a,ON,4,96,collective-osu_allgather,19.201,0.052861454135630315,19.04,19.517000000000003,19.58,21.186,21.55
32,intel2024a,ON,4,96,collective-osu_allreduce,5.796,0.010873004286866725,5.7,5.946,6.0,8.678,8.97
64,gompi2024a,OFF,1,4,collective-osu_allgather,1.424,0.010770329614268999,1.2149999999999999,2.3649999999999998,2.43,3.69,3.79
64,gompi2024a,OFF,1,4,collective-osu_allreduce,1.0950000000000002,0.00833333333333332,1.09,1.137,1.19,1.19,1.24
64,gompi2024a,OFF,1,96,collective-osu_allgather,13.241,0.04135080275990885,12.97,14.692000000000002,14.87,18.228,18.79
64,gompi2024a,OFF,1,96,collective-osu_allreduce,6.258,0.021018510360579282,6.08,7.287000000000001,7.38,10.062000000000001,11.7
64,gompi2024a,OFF,4,4,collective-osu_allgather,3.043,0.00731057073315379,3.02,3.131,3.16,3.3299999999999996,3.42
64,gompi2024a,OFF,4,4,collective-osu_allreduce,3.0780000000000003,0.008537498983243814,3.05,3.167,3.19,3.374,3.45
64,gompi2024a,OFF,4,96,collective-osu_allgather,19.77,0.04558264777059113,18.39,25.199,25.58,30.951,31.43
64,gompi2024a,OFF,4,96,collective-osu_allreduce,12.655,0.049961095975880235,12.515,12.85,12.99,15.352,16.07
64,gompi2024a,ON,1,4,collective-osu_allgather,1.876,0.013597385369580743,1.625,2.822,2.9,4.4270000000000005,4.75
64,gompi2024a,ON,1,4,collective-osu_allreduce,1.525,0.019734346820820932,1.4849999999999999,1.541,1.61,3.1550000000000002,3.36
64,gompi2024a,ON,1,96,collective-osu_allgather,13.803999999999998,0.02181742422927141,13.485,15.322,15.47,18.966,19.25
64,gompi2024a,ON,1,96,collective-osu_allreduce,6.68,0.028126697479638665,6.475,7.669,7.85,10.95,11.63
64,gompi2024a,ON,4,4,collective-osu_allgather,3.492,0.014282856857085706,3.43,3.5549999999999997,3.57,4.887,5.01
64,gompi2024a,ON,4,4,collective-osu_allreduce,3.554,0.02109238935940853,3.48,3.617,3.64,4.853,5.04
64,gompi2024a,ON,4,96,collective-osu_allgather,20.29,0.05191873992650003,19.025,26.012999999999998,26.43,31.281,31.89
64,gompi2024a,ON,4,96,collective-osu_allreduce,13.148,0.05567365225630124,12.975,13.383000000000001,13.56,16.038,16.57
64,intel2024a,OFF,1,4,collective-osu_allgather,1.2269999999999999,0.005783117190965829,1.21,1.251,1.28,1.367,1.98
64,intel2024a,OFF,1,4,collective-osu_allreduce,0.9650000000000001,0.014925742118158742,0.945,1.018,1.12,1.0870000000000002,1.2
64,intel2024a,OFF,1,96,collective-osu_allgather,11.928,0.02731706833139712,11.649999999999999,13.39,13.59,17.318,18.59
64,intel2024a,OFF,1,96,collective-osu_allreduce,5.007,0.1008524775214879,4.800000000000001,6.024,6.55,7.677,8.29
64,intel2024a,OFF,4,4,collective-osu_allgather,3.402,0.011234866364235135,3.36,3.565,3.7,3.854,4.26
64,intel2024a,OFF,4,4,collective-osu_allreduce,2.366,0.009213516640723503,2.325,2.549,2.63,2.9010000000000002,3.17
64,intel2024a,OFF,4,96,collective-osu_allgather,25.502000000000002,0.03567756842735902,25.145,26.037,26.3,33.022000000000006,35.4
64,intel2024a,OFF,4,96,collective-osu_allreduce,6.013,0.013169830843425576,5.945,6.263,6.31,7.684,8.19
64,intel2024a,ON,1,4,collective-osu_allgather,1.763,0.003000000000000003,1.7149999999999999,1.7670000000000001,1.79,3.4479999999999995,3.63
64,intel2024a,ON,1,4,collective-osu_allreduce,1.4869999999999999,0.008306623862918082,1.4449999999999998,1.5390000000000001,1.62,3.113,3.18
64,intel2024a,ON,1,96,collective-osu_allgather,12.45,0.03702851753866358,12.129999999999999,13.974,14.3,17.714,18.85
64,intel2024a,ON,1,96,collective-osu_allreduce,5.627000000000001,0.09178537767834016,5.355,6.745,7.17,8.605,9.18
64,intel2024a,ON,4,4,collective-osu_allgather,3.967,0.007156970184527986,3.91,4.098999999999999,4.11,5.349,5.49
64,intel2024a,ON,4,4,collective-osu_allreduce,2.939,0.014255603186895395,2.895,3.0829999999999997,3.15,4.446,4.6
64,intel2024a,ON,4,96,collective-osu_allgather,26.262999999999998,0.033600595232822765,25.83,27.275,27.49,34.84,37.59
64,intel2024a,ON,4,96,collective-osu_allreduce,6.632,0.04630334761116089,6.505,6.821000000000001,6.92,9.216,9.63
128,gompi2024a,OFF,1,4,collective-osu_allgather,1.65,0.010749676997731389,1.45,2.489,2.55,4.072,4.22
128,gompi2024a,OFF,1,4,collective-osu_allreduce,1.877,0.009195409482755795,1.505,3.582,3.64,5.590999999999999,5.85
128,gompi2024a,OFF,1,96,collective-osu_allgather,16.954,0.024046251729161944,16.535,18.908,19.19,23.724,24.05
128,gompi2024a,OFF,1,96,collective-osu_allreduce,10.935,0.03484090826727812,10.285,14.447999999999999,14.59,18.087,18.84
128,gompi2024a,OFF,4,4,collective-osu_allgather,3.3649999999999998,0.00703167436990966,3.34,3.4539999999999997,3.51,3.679,3.82
128,gompi2024a,OFF,4,4,collective-osu_allreduce,3.137,0.004725815626252641,3.115,3.228,3.24,3.4549999999999996,3.63
128,gompi2024a,OFF,4,96,collective-osu_allgather,28.443,0.0562148655705152,28.205,29.4,29.63,31.975,32.55
128,gompi2024a,OFF,4,96,collective-osu_allreduce,17.490000000000002,0.04599516882842742,15.945,23.115000000000002,23.4,29.698,30.22
128,gompi2024a,ON,1,4,collective-osu_allgather,2.107,0.013253930234714053,1.8650000000000002,2.918,2.99,4.76,5.1
128,gompi2024a,ON,1,4,collective-osu_allreduce,2.35,0.022060522810365753,1.94,4.058,4.16,6.308,6.66
128,gompi2024a,ON,1,96,collective-osu_allgather,17.583,0.09817275023594323,17.025,19.568,20.05,29.106,72.49
128,gompi2024a,ON,1,96,collective-osu_allreduce,11.391,0.02601068156653255,10.725000000000001,14.837,14.99,18.053,18.51
128,gompi2024a,ON,4,4,collective-osu_allgather,3.825,0.0060092521257733185,3.77,3.9,3.91,5.1049999999999995,5.18
128,gompi2024a,ON,4,4,collective-osu_allreduce,3.6060000000000003,0.006699917080747267,3.55,3.683,3.7,4.9590000000000005,5.02
128,gompi2024a,ON,4,96,collective-osu_allgather,29.1,0.02444949442785626,28.865000000000002,30.069,30.31,32.759,32.97
128,gompi2024a,ON,4,96,collective-osu_allreduce,17.913,0.04652478431498144,16.369999999999997,23.573,23.86,30.299,30.71
128,intel2024a,OFF,1,4,collective-osu_allgather,1.2209999999999999,0.008359957469322976,1.19,1.269,1.33,1.432,2.14
128,intel2024a,OFF,1,4,collective-osu_allreduce,1.004,0.007483314773547889,0.995,1.0850000000000002,1.12,1.191,1.25
128,intel2024a,OFF,1,96,collective-osu_allgather,15.447,0.0235725829443162,15.09,17.32,17.5,21.289,22.2
128,intel2024a,OFF,1,96,collective-osu_allreduce,5.6240000000000006,0.20957205072347893,5.645,6.728,7.85,8.536,9.7
128,intel2024a,OFF,4,4,collective-osu_allgather,3.9859999999999998,0.151541706763811,3.705,3.8869999999999996,3.9,4.2170000000000005,4.37
128,intel2024a,OFF,4,4,collective-osu_allreduce,2.427,0.01011599393699569,2.37,2.6350000000000002,2.66,2.95,3.19
128,intel2024a,OFF,4,96,collective-osu_allgather,36.793,0.04096204204979158,36.650000000000006,37.247,37.34,40.455,53.66
128,intel2024a,OFF,4,96,collective-osu_allreduce,5.952,0.020428737928059434,5.88,6.103,6.16,6.836,7.17
128,intel2024a,ON,1,4,collective-osu_allgather,1.7510000000000001,0.003480102169636853,1.69,1.766,1.78,4.115,4.21
128,intel2024a,ON,1,4,collective-osu_allreduce,1.532,0.0057348835113617555,1.49,1.597,1.62,3.018,3.3
128,intel2024a,ON,1,96,collective-osu_allgather,16.048000000000002,0.026449112566503258,15.655000000000001,17.975,18.12,22.015,22.45
128,intel2024a,ON,1,96,collective-osu_allreduce,5.761,0.20482214507008545,5.24,6.564,8.39,8.786,10.41
128,intel2024a,ON,4,4,collective-osu_allgather,4.462,0.11829154191610182,4.265,4.511,4.57,5.822,6.01
128,intel2024a,ON,4,4,collective-osu_allreduce,3.02,0.026499475885802405,2.965,3.15,3.22,4.382,4.7
128,intel2024a,ON,4,96,collective-osu_allgather,37.442,0.051871636437138616,37.235,37.902,37.97,41.931,54.47
128,intel2024a,ON,4,96,collective-osu_allreduce,6.587999999999999,0.01443760521847177,6.46,6.739,6.78,9.328999999999999,9.48
256,gompi2024a,OFF,1,4,collective-osu_allgather,1.7,0.016733200530681506,1.64,1.748,1.85,3.4899999999999998,3.95
256,gompi2024a,OFF,1,4,collective-osu_allreduce,1.594,0.009683892697555966,1.54,1.6149999999999998,1.65,3.686,3.95
256,gompi2024a,OFF,1,96,collective-osu_allgather,22.306,0.06741579109443788,21.975,23.902,24.27,28.101,33.32
256,gompi2024a,OFF,1,96,collective-osu_allreduce,8.743,0.030913858812297593,8.53,9.616,9.74,12.898,13.24
256,gompi2024a,OFF,4,4,collective-osu_allgather,4.738,0.36063154480870235,4.02,4.119,4.14,4.329,4.46
256,gompi2024a,OFF,4,4,collective-osu_allreduce,3.9730000000000003,0.013503086067019368,3.94,4.049,4.07,4.244,4.34
256,gompi2024a,OFF,4,96,collective-osu_allgather,42.596000000000004,0.03777712417735257,42.455,44.019,44.27,46.114,46.84
256,gompi2024a,OFF,4,96,collective-osu_allreduce,17.006999999999998,0.0400846326885725,16.525,18.639,19.16,23.843,24.72
256,gompi2024a,ON,1,4,collective-osu_allgather,2.1390000000000002,0.020300519971446856,2.05,2.166,2.29,4.519,4.77
256,gompi2024a,ON,1,4,collective-osu_allreduce,2.069,0.01834545054108936,1.9849999999999999,2.071,2.14,4.636,4.94
256,gompi2024a,ON,1,96,collective-osu_allgather,22.881999999999998,0.03965966324729552,22.475,24.612000000000002,24.84,28.637999999999998,30.15
256,gompi2024a,ON,1,96,collective-osu_allreduce,9.282,0.1114430597011566,8.870000000000001,10.258,10.6,15.719,37.19
256,gompi2024a,ON,4,4,collective-osu_allgather,4.502000000000001,0.013727506854649324,4.45,4.572,4.59,5.7620000000000005,5.88
256,gompi2024a,ON,4,4,collective-osu_allreduce,4.442,0.011527744310527074,4.38,4.514,4.55,5.754,5.84
256,gompi2024a,ON,4,96,collective-osu_allgather,42.512,0.0601073114428593,42.315,43.784000000000006,43.89,45.852,46.24
256,gompi2024a,ON,4,96,collective-osu_allreduce,17.634999999999998,0.04973820351489293,16.97,19.198,19.54,24.866999999999997,25.86
256,intel2024a,OFF,1,4,collective-osu_allgather,1.462,0.00512076383191241,1.45,1.497,1.52,1.6280000000000001,2.22
256,intel2024a,OFF,1,4,collective-osu_allreduce,1.088,0.010519822558706324,1.0750000000000002,1.161,1.23,1.26,1.34
256,intel2024a,OFF,1,96,collective-osu_allgather,21.826,0.029821692328459985,21.44,24.048,24.22,28.776999999999997,29.62
256,intel2024a,OFF,1,96,collective-osu_allreduce,5.351,0.09246560922250441,5.26,6.0200000000000005,7.01,7.537000000000001,9.46
256,intel2024a,OFF,4,4,collective-osu_allgather,4.412000000000001,0.008137703743822486,4.37,4.547,4.57,4.792,4.96
256,intel2024a,OFF,4,4,collective-osu_allreduce,2.998,0.0024944382578492765,2.965,3.152,3.17,3.5799999999999996,3.72
256,intel2024a,OFF,4,96,collective-osu_allgather,60.827999999999996,0.035956764160431524,60.724999999999994,61.358000000000004,61.53,63.275,63.7
256,intel2024a,OFF,4,96,collective-osu_allreduce,6.971000000000001,0.01058825344951235,6.9,7.114,7.15,8.405,9.14
256,intel2024a,ON,1,4,collective-osu_allgather,2.04,0.003333333333333322,1.99,2.05,2.07,4.083,4.25
256,intel2024a,ON,1,4,collective-osu_allreduce,1.605,0.0060092521257733055,1.56,1.6649999999999998,1.72,3.2939999999999996,3.63
256,intel2024a,ON,1,96,collective-osu_allgather,22.418,0.030615900008546644,22.049999999999997,24.654,24.82,29.046,30.15
256,intel2024a,ON,1,96,collective-osu_allreduce,6.04,0.05495452665613631,5.824999999999999,6.9879999999999995,7.72,8.974,9.93
256,intel2024a,ON,4,4,collective-osu_allgather,5.046,0.0049888765156986,4.975,5.243,5.27,6.3950000000000005,6.49
256,intel2024a,ON,4,4,collective-osu_allreduce,3.604,0.009683892697555992,3.53,3.753,3.87,5.271,5.5
256,intel2024a,ON,4,96,collective-osu_allgather,61.2,0.040715817292273006,60.97,61.705999999999996,61.82,64.012,64.47
256,intel2024a,ON,4,96,collective-osu_allreduce,7.65,0.028244960219086467,7.505,7.766,7.8,10.178,10.33
512,gompi2024a,OFF,1,4,collective-osu_allgather,2.0140000000000002,0.008192137151629671,1.89,2.013,2.05,4.039,4.59
512,gompi2024a,OFF,1,4,collective-osu_allreduce,1.975,0.014161763857498637,1.9,2.016,2.06,4.421,4.65
512,gompi2024a,OFF,1,96,collective-osu_allgather,61.190999999999995,0.30451217819106463,60.745,63.444,64.76,67.764,69.3
512,gompi2024a,OFF,1,96,collective-osu_allreduce,10.384,0.0644670458451448,10.205,11.275,11.47,14.761,15.3
512,gompi2024a,OFF,4,4,collective-osu_allgather,4.295,0.002236067977499742,4.275,4.388,4.4,4.611,4.71
512,gompi2024a,OFF,4,4,collective-osu_allreduce,4.189,0.006574360974438675,4.175,4.279999999999999,4.31,4.522,4.8
512,gompi2024a,OFF,4,96,collective-osu_allgather,72.183,0.1241598432129592,72.055,75.003,75.41,77.64500000000001,78.29
512,gompi2024a,OFF,4,96,collective-osu_allreduce,18.713,0.06665083145267826,17.935,21.041,22.53,27.651,40.48
512,gompi2024a,ON,1,4,collective-osu_allgather,2.494,0.03809928549927878,2.29,2.805,3.27,5.196,5.57
512,gompi2024a,ON,1,4,collective-osu_allreduce,2.398,0.026907248094147435,2.3049999999999997,2.464,2.56,5.0840000000000005,5.33
512,gompi2024a,ON,1,96,collective-osu_allgather,62.33,0.21217393284232108,61.575,64.688,66.36,69.053,71.15
512,gompi2024a,ON,1,96,collective-osu_allreduce,10.603,0.06992138442565345,10.245000000000001,11.690999999999999,12.08,14.878,15.46
512,gompi2024a,ON,4,4,collective-osu_allgather,4.77,0.00977525219907674,4.71,4.8420000000000005,4.86,6.061999999999999,6.22
512,gompi2024a,ON,4,4,collective-osu_allreduce,4.675,0.00401386485959742,4.64,4.773,4.79,5.872999999999999,5.94
512,gompi2024a,ON,4,96,collective-osu_allgather,71.01899999999999,0.16850618188462252,70.72,73.83200000000001,75.05,76.49600000000001,77.59
512,gompi2024a,ON,4,96,collective-osu_allreduce,19.019,0.06363873732946683,18.295,21.036,21.41,26.381999999999998,27.05
512,intel2024a,OFF,1,4,collective-osu_allgather,1.754,0.006531972647421814,1.74,1.786,1.83,1.8350000000000002,1.88
512,intel2024a,OFF,1,4,collective-osu_allreduce,1.2109999999999999,0.010692676621563636,1.1949999999999998,1.3,1.34,1.394,1.45
512,intel2024a,OFF,1,96,collective-osu_allgather,27.651999999999997,0.04799999999999992,27.415,28.464,28.78,32.767,33.47
512,intel2024a,OFF,1,96,collective-osu_allreduce,5.118,0.03794147540035246,5.01,5.583,6.3,7.765000000000001,8.37
512,intel2024a,OFF,4,4,collective-osu_allgather,4.7509999999999994,0.021315096371664274,4.7,4.857,4.9,5.096,5.33
512,intel2024a,OFF,4,4,collective-osu_allreduce,3.214,0.024684678108764825,3.1500000000000004,3.3,3.35,3.7960000000000003,4.13
512,intel2024a,OFF,4,96,collective-osu_allgather,158.32999999999998,0.1306819718927508,157.345,161.373,161.8,163.622,164.35
512,intel2024a,OFF,4,96,collective-osu_allreduce,7.191,0.012242911781471303,7.14,7.362,7.4,8.236,8.49
512,intel2024a,ON,1,4,collective-osu_allgather,2.339,0.005467073155618921,2.28,2.336,2.36,4.6659999999999995,4.79
512,intel2024a,ON,1,4,collective-osu_allreduce,1.7329999999999999,0.005783117190965829,1.69,1.7920000000000003,1.81,3.343,3.66
512,intel2024a,ON,1,96,collective-osu_allgather,28.108999999999998,0.04113527818200699,27.82,29.076,29.47,33.409,34.49
512,intel2024a,ON,1,96,collective-osu_allreduce,5.62,0.039721250959376654,5.465,6.135,7.02,9.186,9.7
512,intel2024a,ON,4,4,collective-osu_allgather,5.384,0.004988876515698585,5.32,5.55,5.63,6.614,6.77
512,intel2024a,ON,4,4,collective-osu_allreduce,3.814,0.01343296111973993,3.77,3.91,3.99,5.401,5.57
512,intel2024a,ON,4,96,collective-osu_allgather,159.01399999999998,0.11422395156494605,158.08499999999998,161.96300000000002,162.37,164.675,166.5
512,intel2024a,ON,4,96,collective-osu_allreduce,7.792,0.01919490673185062,7.675,7.939,8.07,10.402,10.74
1024,gompi2024a,OFF,1,4,collective-osu_allgather,2.5,0.004944132324730406,2.26,3.4829999999999997,3.57,5.329,5.63
1024,gompi2024a,OFF,1,4,collective-osu_allreduce,2.266,0.008459051693633,2.1,2.272,2.33,5.313000000000001,5.57
1024,gompi2024a,OFF,1,96,collective-osu_allgather,81.619,0.17484246877943824,80.935,84.667,85.63,89.189,91.6
1024,gompi2024a,OFF,1,96,collective-osu_allreduce,12.096,0.03022875746334568,11.805,13.406,13.55,16.897,17.74
1024,gompi2024a,OFF,4,4,collective-osu_allgather,4.99,0.022949219304078006,4.94,5.046,5.06,5.281000000000001,5.48
1024,gompi2024a,OFF,4,4,collective-osu_allreduce,4.6259999999999994,0.010241527663824843,4.59,4.702,4.73,5.0,5.53
1024,gompi2024a,OFF,4,96,collective-osu_allgather,120.33599999999998,0.2990770989412436,120.235,124.80799999999999,126.58,128.85700000000003,130.24
1024,gompi2024a,OFF,4,96,collective-osu_allreduce,20.965,0.04931193229500021,20.025,24.187,24.37,29.573,30.05
1024,gompi2024a,ON,1,4,collective-osu_allgather,2.98,0.006992058987801002,2.69,4.089,4.19,5.951,6.58
1024,gompi2024a,ON,1,4,collective-osu_allreduce,2.746,0.012128936932440165,2.565,3.04,3.12,5.9399999999999995,6.07
1024,gompi2024a,ON,1,96,collective-osu_allgather,83.126,0.20918997214122054,81.58,85.47999999999999,86.03,90.439,92.22
1024,gompi2024a,ON,1,96,collective-osu_allreduce,12.654,0.08201896799589166,12.27,14.053,14.19,19.535999999999998,39.92
1024,gompi2024a,ON,4,4,collective-osu_allgather,5.449,0.0027688746209726324,5.39,5.525,5.55,6.749,6.88
1024,gompi2024a,ON,4,4,collective-osu_allreduce,5.121,0.011396880664852489,5.06,5.203,5.22,6.329,6.41
1024,gompi2024a,ON,4,96,collective-osu_allgather,119.617,0.3390773428650824,118.81,124.102,126.04,128.656,130.15
1024,gompi2024a,ON,4,96,collective-osu_allreduce,21.553,0.04414748010928828,20.585,24.613999999999997,24.92,30.426,30.92
1024,intel2024a,OFF,1,4,collective-osu_allgather,2.11,0.006146362971528596,2.1,2.1420000000000003,2.18,2.188,2.24
1024,intel2024a,OFF,1,4,collective-osu_allreduce,1.6219999999999999,0.012631530214330925,1.5950000000000002,1.709,1.75,2.228,2.62
1024,intel2024a,OFF,1,96,collective-osu_allgather,77.589,0.24801635250747314,75.87,90.49600000000001,93.59,105.75899999999999,128.18
1024,intel2024a,OFF,1,96,collective-osu_allreduce,18.173000000000002,0.07791804811609576,6.1,77.088,78.91,148.355,153.43
1024,intel2024a,OFF,4,4,collective-osu_allgather,5.691000000000001,0.0023333333333333765,5.69,5.904999999999999,5.95,6.431,6.52
1024,intel2024a,OFF,4,4,collective-osu_allreduce,3.5460000000000003,0.004268749491621905,3.505,3.682,3.69,4.1850000000000005,4.51
1024,intel2024a,OFF,4,96,collective-osu_allgather,301.27200000000005,0.3479680700549697,300.585,305.23699999999997,306.55,308.422,310.11
1024,intel2024a,OFF,4,96,collective-osu_allreduce,9.464,0.022764494771951867,8.72,11.628,11.73,18.278,18.59
1024,intel2024a,ON,1,4,collective-osu_allgather,2.678,0.007571877794400392,2.615,2.673,2.72,4.696,4.97
1024,intel2024a,ON,1,4,collective-osu_allreduce,2.1550000000000002,0.01231530213460746,2.09,2.216,2.26,4.179,4.31
1024,intel2024a,ON,1,96,collective-osu_allgather,78.90599999999999,0.21557777663242012,76.595,91.393,92.7,103.851,106.78
1024,intel2024a,ON,1,96,collective-osu_allreduce,18.113,0.10528321592521554,6.539999999999999,75.322,79.48,144.956,150.7
1024,intel2024a,ON,4,4,collective-osu_allgather,6.339,0.002768874620972633,6.29,6.531000000000001,6.57,8.046,8.26
1024,intel2024a,ON,4,4,collective-osu_allreduce,4.176,0.0196751394178316,4.105,4.265,4.38,5.8020000000000005,5.93
1024,intel2024a,ON,4,96,collective-osu_allgather,302.09000000000003,0.13837951036511567,300.905,306.033,306.96,309.529,310.41
1024,intel2024a,ON,4,96,collective-osu_allreduce,9.904,0.01034944979750669,9.22,12.044,12.25,18.282,18.86
2048,gompi2024a,OFF,1,4,collective-osu_allgather,3.4549999999999996,0.019278658321228354,3.0300000000000002,5.364,5.51,7.087000000000001,7.45
2048,gompi2024a,OFF,1,4,collective-osu_allreduce,3.087,0.0066749947981669215,2.815,3.7619999999999996,3.8,6.397,6.59
2048,gompi2024a,OFF,1,96,collective-osu_allgather,121.612,0.4524619075433622,120.88499999999999,125.481,127.33,130.624,133.11
2048,gompi2024a,OFF,1,96,collective-osu_allreduce,15.874,0.014544949486180994,15.57,17.607,17.75,20.948,21.46
2048,gompi2024a,OFF,4,4,collective-osu_allgather,6.767,0.005587684871413383,6.74,6.874,6.9,7.138,7.27
2048,gompi2024a,OFF,4,4,collective-osu_allreduce,6.149,0.0037859388972002216,6.125,6.265,6.3,6.542,6.71
2048,gompi2024a,OFF,4,96,collective-osu_allgather,226.907,0.3682663589185284,226.285,233.58200000000002,235.73,239.02399999999997,241.0
2048,gompi2024a,OFF,4,96,collective-osu_allreduce,28.595,0.046505674683610186,27.3,33.175,33.43,39.053,39.87
2048,gompi2024a,ON,1,4,collective-osu_allgather,3.967,0.01135781669160057,3.49,5.956,6.1,7.739,7.89
2048,gompi2024a,ON,1,4,collective-osu_allreduce,3.6730000000000005,0.005174724898753344,3.37,4.632,4.71,7.132,7.35
2048,gompi2024a,ON,1,96,collective-osu_allgather,120.852,0.4392513833532882,119.72,124.901,127.44,130.376,133.06
2048,gompi2024a,ON,1,96,collective-osu_allreduce,16.538,0.013727506854649369,16.259999999999998,18.398,18.48,21.854000000000003,22.19
2048,gompi2024a,ON,4,4,collective-osu_allgather,7.292999999999999,0.011551815634108991,7.23,7.397,7.42,8.521,8.66
2048,gompi2024a,ON,4,4,collective-osu_allreduce,6.687,0.0033499585403736908,6.645,6.792,6.83,7.919,8.03
2048,gompi2024a,ON,4,96,collective-osu_allgather,226.619,0.2858338678323481,226.53,233.473,234.79,239.183,241.34
2048,gompi2024a,ON,4,96,collective-osu_allreduce,29.374000000000002,0.04807863928560751,28.0,34.266,34.58,39.964,40.67
2048,intel2024a,OFF,1,4,collective-osu_allgather,2.787,0.013908430696683382,2.7649999999999997,2.811,2.85,2.864,2.92
2048,intel2024a,OFF,1,4,collective-osu_allreduce,2.7399999999999998,0.009067647005823598,2.44,2.5189999999999997,2.53,7.6290000000000004,8.36
2048,intel2024a,OFF,1,96,collective-osu_allgather,139.1,0.5248534186905051,139.29000000000002,156.108,159.74,169.708,180.52
2048,intel2024a,OFF,1,96,collective-osu_allreduce,8.579,0.050628274928366114,8.465,9.034,9.25,12.523,13.3
2048,intel2024a,OFF,4,4,collective-osu_allgather,7.375,0.012671051872498857,7.405,7.606,7.63,8.559999999999999,10.41
2048,intel2024a,OFF,4,4,collective-osu_allreduce,4.569,0.003785938897200221,4.5649999999999995,4.817,4.84,5.396,5.49
2048,intel2024a,OFF,4,96,collective-osu_allgather,137.08499999999998,0.36582099447680577,136.88,141.905,142.58,148.23499999999999,150.32
2048,intel2024a,OFF,4,96,collective-osu_allreduce,10.242,0.03843609414773217,10.12,10.333,10.4,12.081999999999999,12.37
2048,intel2024a,ON,1,4,collective-osu_allgather,3.342,0.007859884081701083,3.285,3.347,3.39,4.976,5.12
2048,intel2024a,ON,1,4,collective-osu_allreduce,3.4550000000000005,0.005217491947499516,3.08,3.59,3.72,11.225999999999999,12.17
2048,intel2024a,ON,1,96,collective-osu_allgather,140.275,0.5636808592733209,141.14,157.272,159.6,169.826,177.11
2048,intel2024a,ON,1,96,collective-osu_allreduce,8.967,0.06142836840128866,8.879999999999999,9.49,9.83,12.966999999999999,13.6
2048,intel2024a,ON,4,4,collective-osu_allgather,7.9879999999999995,0.001999999999999957,7.97,8.198,8.21,9.792,9.93
2048,intel2024a,ON,4,4,collective-osu_allreduce,5.204,0.006699917080747279,5.13,5.463,5.56,7.17,7.32
2048,intel2024a,ON,4,96,collective-osu_allgather,137.566,0.45218776827527996,136.875,142.41199999999998,144.11,148.505,150.18
2048,intel2024a,ON,4,96,collective-osu_allreduce,10.728,0.011333333333333397,10.605,10.887,11.01,13.425,13.84
4096,gompi2024a,OFF,1,4,collective-osu_allgather,4.636,0.009683892697555973,4.41,5.434,5.46,7.111,7.28
4096,gompi2024a,OFF,1,4,collective-osu_allreduce,4.418,0.016852299546352735,3.97,5.84,5.9,8.533,8.66
4096,gompi2024a,OFF,1,96,collective-osu_allgather,202.941,0.609279082194686,202.055,209.33,214.12,215.78699999999998,220.55
4096,gompi2024a,OFF,1,96,collective-osu_allreduce,21.919,0.03619238716759238,21.415,24.544999999999998,24.71,28.059000000000005,29.18
4096,gompi2024a,OFF,4,4,collective-osu_allgather,9.344,0.0022110831935702193,9.32,9.464,9.48,9.791,9.9
4096,gompi2024a,OFF,4,4,collective-osu_allreduce,8.248000000000001,0.007118052168020894,8.22,8.366,8.38,8.693000000000001,8.76
4096,gompi2024a,OFF,4,96,collective-osu_allgather,446.746,0.6689829760331899,446.015,457.78599999999994,461.29,467.16,470.72
4096,gompi2024a,OFF,4,96,collective-osu_allreduce,43.900999999999996,0.23638222343390267,41.55,52.090999999999994,52.32,58.806999999999995,59.27
4096,gompi2024a,ON,1,4,collective-osu_allgather,5.2299999999999995,0.010749676997731343,4.95,6.132,6.18,8.111,8.57
4096,gompi2024a,ON,1,4,collective-osu_allreduce,5.109,0.022629872096658246,4.66,6.789,7.05,9.370000000000001,9.58
4096,gompi2024a,ON,1,96,collective-osu_allgather,202.671,0.52845571663522,201.8,209.214,213.14,216.829,221.53
4096,gompi2024a,ON,1,96,collective-osu_allreduce,23.344,0.18063591374179544,22.310000000000002,25.648000000000003,25.87,29.496,30.9
4096,gompi2024a,ON,4,4,collective-osu_allgather,9.887,0.004484541349024623,9.84,10.004999999999999,10.03,11.238,11.3
4096,gompi2024a,ON,4,4,collective-osu_allreduce,8.870000000000001,0.0029814239699999206,8.81,8.991,9.02,10.187000000000001,10.26
4096,gompi2024a,ON,4,96,collective-osu_allgather,448.98,0.6783083533484048,448.82500000000005,460.015,463.01,469.34399999999994,473.69
4096,gompi2024a,ON,4,96,collective-osu_allreduce,44.718,0.09794329425177027,42.44,53.126999999999995,53.55,59.726,60.51
4096,intel2024a,OFF,1,4,collective-osu_allgather,4.151,0.007666666666666689,4.125,4.2,4.25,4.309,4.42
4096,intel2024a,OFF,1,4,collective-osu_allreduce,3.3810000000000002,0.005859465277082304,3.365,3.411,3.43,3.527,4.02
4096,intel2024a,OFF,1,96,collective-osu_allgather,257.17600000000004,0.7880329942331094,260.15,288.519,293.12,305.142,309.88
4096,intel2024a,OFF,1,96,collective-osu_allreduce,12.513,0.07813165527208257,12.469999999999999,13.032,13.4,16.874000000000002,18.31
4096,intel2024a,OFF,4,4,collective-osu_allgather,9.275,0.006191391873668914,9.19,9.5,9.54,11.164,11.81
4096,intel2024a,OFF,4,4,collective-osu_allreduce,6.375,0.0042817441928884,6.355,6.619,6.68,7.319,7.56
4096,intel2024a,OFF,4,96,collective-osu_allgather,249.471,0.49407478066471733,247.315,259.764,261.97,265.401,267.27
4096,intel2024a,OFF,4,96,collective-osu_allreduce,14.581,0.03156826817479151,14.295,15.231,15.32,16.712,17.04
4096,intel2024a,ON,1,4,collective-osu_allgather,4.811999999999999,0.0035901098714230463,4.745,4.8420000000000005,4.87,6.991,7.19
4096,intel2024a,ON,1,4,collective-osu_allreduce,4.101,0.004333333333333348,4.03,4.090999999999999,4.12,6.3759999999999994,6.55
4096,intel2024a,ON,1,96,collective-osu_allgather,256.9,0.9396122131555693,260.85,288.143,291.92,305.844,313.65
4096,intel2024a,ON,1,96,collective-osu_allreduce,13.166999999999998,0.10199182973813806,12.96,13.581,14.09,17.695,18.9
4096,intel2024a,ON,4,4,collective-osu_allgather,9.895,0.00562731433871138,9.79,10.106,10.16,12.735,12.94
4096,intel2024a,ON,4,4,collective-osu_allreduce,7.086,0.014847371634213376,7.025,7.284000000000001,7.35,8.842,8.97
4096,intel2024a,ON,4,96,collective-osu_allgather,249.98600000000002,0.5187510642559368,246.94,260.48,262.77,266.131,269.61
4096,intel2024a,ON,4,96,collective-osu_allreduce,15.225,0.05249867723201327,14.795,15.719,15.78,18.117,18.92
8192,gompi2024a,OFF,1,4,collective-osu_allgather,7.445,0.013844373104863476,7.405,7.593999999999999,7.67,8.129999999999999,8.83
8192,gompi2024a,OFF,1,4,collective-osu_allreduce,6.43,0.028047578623950208,6.31,6.65,6.85,7.712000000000001,9.14
8192,gompi2024a,OFF,1,96,collective-osu_allgather,391.494,0.918485710286231,390.65,399.769,405.95,407.82399999999996,414.54
8192,gompi2024a,OFF,1,96,collective-osu_allreduce,31.255000000000003,0.0920295846151903,30.92,33.428,33.83,37.569,38.06
8192,gompi2024a,OFF,4,4,collective-osu_allgather,13.527000000000001,0.024497165368897414,13.495000000000001,13.639,13.7,14.088,14.29
8192,gompi2024a,OFF,4,4,collective-osu_allreduce,14.029,0.023825756371344594,13.96,14.141,14.16,14.668000000000001,14.92
8192,gompi2024a,OFF,4,96,collective-osu_allgather,823.8530000000001,1.8441884996448175,824.95,848.034,856.91,868.3059999999999,875.54
8192,gompi2024a,OFF,4,96,collective-osu_allreduce,63.943999999999996,0.2528600842802646,62.95,65.3,66.04,69.31,69.95
8192,gompi2024a,ON,1,4,collective-osu_allgather,7.936,0.017461067804945007,7.855,8.071,8.21,10.095,10.29
8192,gompi2024a,ON,1,4,collective-osu_allreduce,7.199,0.05873575477414835,7.095000000000001,7.473000000000001,7.72,9.703,9.95
8192,gompi2024a,ON,1,96,collective-osu_allgather,389.158,0.6867876916000546,388.345,396.941,400.9,404.977,410.22
8192,gompi2024a,ON,1,96,collective-osu_allreduce,31.689,0.06984824820836798,31.21,33.980000000000004,34.36,38.22,38.97
8192,gompi2024a,ON,4,4,collective-osu_allgather,14.078999999999999,0.008359957469322884,14.035,14.231,14.28,15.427000000000001,15.51
8192,gompi2024a,ON,4,4,collective-osu_allreduce,14.651,0.0037859388972001015,14.6,14.817000000000002,14.85,16.187,16.39
8192,gompi2024a,ON,4,96,collective-osu_allgather,833.4459999999999,2.1553526135852774,832.49,856.979,868.01,877.95,893.44
8192,gompi2024a,ON,4,96,collective-osu_allreduce,64.527,0.24434515660343106,63.525,66.16,66.65,70.078,71.3
8192,intel2024a,OFF,1,4,collective-osu_allgather,7.248,0.0069602043392736805,7.215,7.301,7.34,7.489,7.6
8192,intel2024a,OFF,1,4,collective-osu_allreduce,5.493,0.006333333333333271,5.46,5.5409999999999995,5.57,5.656000000000001,5.7
8192,intel2024a,OFF,1,96,collective-osu_allgather,493.87,0.9965774764997791,502.9,550.796,559.45,577.229,585.67
8192,intel2024a,OFF,1,96,collective-osu_allreduce,19.769,0.2317922920777709,19.7,20.451999999999998,21.39,24.862000000000002,26.48
8192,intel2024a,OFF,4,4,collective-osu_allgather,12.831999999999999,0.011623730516108483,12.74,13.014000000000001,13.06,14.690000000000001,15.09
8192,intel2024a,OFF,4,4,collective-osu_allreduce,9.478,0.05749975845359882,9.379999999999999,9.776,10.1,10.602,10.93
8192,intel2024a,OFF,4,96,collective-osu_allgather,592.839,0.31990779921720985,592.2149999999999,596.1310000000001,598.77,600.663,602.54
8192,intel2024a,OFF,4,96,collective-osu_allreduce,21.863,0.045899648994058635,21.740000000000002,22.227,22.43,24.326,24.62
8192,intel2024a,ON,1,4,collective-osu_allgather,7.825,0.0061913918736689385,7.755,7.865,7.89,9.592,9.79
8192,intel2024a,ON,1,4,collective-osu_allreduce,6.279,0.03582209125975504,6.17,6.279,6.3,8.738,8.86
8192,intel2024a,ON,1,96,collective-osu_allgather,494.03599999999994,1.9725894994482083,503.875,550.222,557.9,575.17,590.74
8192,intel2024a,ON,1,96,collective-osu_allreduce,20.451999999999998,0.13445197407748746,20.13,21.071,21.88,25.534,26.48
8192,intel2024a,ON,4,4,collective-osu_allgather,13.453,0.01983543406241573,13.315000000000001,13.628,13.72,15.758,16.18
8192,intel2024a,ON,4,4,collective-osu_allreduce,10.137,0.02944108995566873,10.030000000000001,10.53,10.73,12.237,12.77
8192,intel2024a,ON,4,96,collective-osu_allgather,591.235,0.24816773001787107,590.78,594.821,596.22,598.862,600.13
8192,intel2024a,ON,4,96,collective-osu_allreduce,22.443,0.08096707149617462,22.24,22.824,23.06,27.185000000000002,46.88
16384,gompi2024a,OFF,1,4,collective-osu_allgather,11.321,0.02979373535941187,10.895,12.783,13.31,15.180000000000001,16.12
16384,gompi2024a,OFF,1,4,collective-osu_allreduce,10.792,0.04647101844758252,10.02,12.75,13.58,16.937,18.72
16384,gompi2024a,OFF,1,96,collective-osu_allgather,898.2049999999999,2.0913808569672105,896.21,930.1870000000001,942.62,965.807,1048.65
16384,gompi2024a,OFF,1,96,collective-osu_allreduce,57.416999999999994,0.23677485789951058,56.86,60.88099999999999,62.22,66.3,69.12
16384,gompi2024a,OFF,4,4,collective-osu_allgather,20.011000000000003,0.02994253756039305,19.985,20.234,20.49,20.59,21.03
16384,gompi2024a,OFF,4,4,collective-osu_allreduce,19.576,0.11355077180617387,19.439999999999998,19.622,19.71,20.174,20.75
16384,gompi2024a,OFF,4,96,collective-osu_allgather,946.905,1.013501356683851,942.965,955.381,962.59,987.5899999999999,1071.03
16384,gompi2024a,OFF,4,96,collective-osu_allreduce,91.024,0.07063521312584334,90.71000000000001,93.63199999999999,94.17,96.227,99.11
16384,gompi2024a,ON,1,4,collective-osu_allgather,11.824,0.03429285639896451,11.355,13.280000000000001,13.49,15.285,16.29
16384,gompi2024a,ON,1,4,collective-osu_allreduce,11.498000000000001,0.028000000000000004,10.74,13.463,13.77,17.561,18.72
16384,gompi2024a,ON,1,96,collective-osu_allgather,903.0649999999999,1.1674980371146941,898.77,931.4010000000001,942.84,961.091,973.38
16384,gompi2024a,ON,1,96,collective-osu_allreduce,57.76800000000001,0.14160822323893787,57.120000000000005,61.599000000000004,63.43,65.6,68.46
16384,gompi2024a,ON,4,4,collective-osu_allgather,20.775,0.20234321777064285,20.5,20.826,20.91,22.308,22.84
16384,gompi2024a,ON,4,4,collective-osu_allreduce,20.169,0.007371114795832107,20.13,20.384999999999998,20.45,21.003,21.26
16384,gompi2024a,ON,4,96,collective-osu_allgather,942.423,0.40004458084902045,940.74,950.039,956.57,967.9879999999999,974.18
16384,gompi2024a,ON,4,96,collective-osu_allreduce,91.797,0.17687440616311728,91.435,94.048,94.55,96.439,99.09
16384,intel2024a,OFF,1,4,collective-osu_allgather,10.382,0.011813363431112897,10.364999999999998,10.459,10.52,10.577,10.76
16384,intel2024a,OFF,1,4,collective-osu_allreduce,8.008,0.008666666666666663,7.975,8.078999999999999,8.12,8.163,8.23
16384,intel2024a,OFF,1,96,collective-osu_allgather,370.567,0.2869186876683578,368.725,374.81100000000004,375.94,381.087,402.58
16384,intel2024a,OFF,1,96,collective-osu_allreduce,39.467,0.24722032458697416,36.55,38.879000000000005,40.11,45.681,49.54
16384,intel2024a,OFF,4,4,collective-osu_allgather,18.923000000000002,0.020978825303412763,18.799999999999997,19.255000000000003,19.47,20.967000000000002,23.14
16384,intel2024a,OFF,4,4,collective-osu_allreduce,19.913,0.026164012604253998,19.72,20.051,20.2,23.272,27.67
16384,intel2024a,OFF,4,96,collective-osu_allgather,723.255,0.534212296543027,723.645,726.793,728.86,730.296,733.17
16384,intel2024a,OFF,4,96,collective-osu_allreduce,48.167,0.04740018752893028,47.945,49.059,49.47,51.673,56.46
16384,intel2024a,ON,1,4,collective-osu_allgather,10.992,0.0061101009266076554,10.915,11.033,11.06,13.068999999999999,14.44
16384,intel2024a,ON,1,4,collective-osu_allreduce,8.76,0.011352924243951021,8.684999999999999,8.833,8.89,10.728,11.47
16384,intel2024a,ON,1,96,collective-osu_allgather,372.71999999999997,0.7256797579587817,370.305,376.46799999999996,378.57,407.229,650.89
16384,intel2024a,ON,1,96,collective-osu_allreduce,39.879000000000005,0.2629763402961484,37.185,40.273,41.64,44.693,46.58
16384,intel2024a,ON,4,4,collective-osu_allgather,19.589,0.023497044731436073,19.35,20.068,20.72,23.669,25.36
16384,intel2024a,ON,4,4,collective-osu_allreduce,20.634,0.019218047073866054,20.325,20.921,21.19,25.694,28.55
16384,intel2024a,ON,4,96,collective-osu_allgather,723.9970000000001,0.33641261041234133,723.2550000000001,727.701,729.17,736.169,778.48
16384,intel2024a,ON,4,96,collective-osu_allreduce,48.805,0.02997220935021864,48.47,50.016,50.87,53.351,55.28
32768,gompi2024a,OFF,1,4,collective-osu_allgather,19.094,0.07661157440839683,18.305,20.81,21.66,27.817,32.6
32768,gompi2024a,OFF,1,4,collective-osu_allreduce,17.532,0.048138688529428486,16.73,19.316,20.19,24.232999999999997,26.85
32768,gompi2024a,OFF,1,96,collective-osu_allgather,2502.697,1.5818112332948613,2502.6499999999996,2519.478,2524.76,2538.952,2576.79
32768,gompi2024a,OFF,1,96,collective-osu_allreduce,102.917,0.5620301494483092,102.745,108.96,110.94,119.33800000000001,123.71
32768,gompi2024a,OFF,4,4,collective-osu_allgather,28.067,0.025388098699106243,27.93,28.622000000000003,29.01,30.651,32.5
32768,gompi2024a,OFF,4,4,collective-osu_allreduce,28.826999999999998,0.022313423961572723,28.755000000000003,29.104000000000003,29.29,29.675,30.1
32768,gompi2024a,OFF,4,96,collective-osu_allgather,2238.759,2.040099371218107,2239.8599999999997,2246.541,2257.1,2273.987,2370.03
32768,gompi2024a,OFF,4,96,collective-osu_allreduce,134.302,0.15544059243897032,134.13,137.644,138.71,142.66,145.03
32768,gompi2024a,ON,1,4,collective-osu_allgather,19.535,0.06813793200397118,18.835,20.956,21.69,27.563,30.91
32768,gompi2024a,ON,1,4,collective-osu_allreduce,17.942,0.029051678092667864,17.325,19.455000000000002,20.63,22.732,24.57
32768,gompi2024a,ON,1,96,collective-osu_allgather,2504.058,1.8206578786557162,2501.31,2521.498,2529.7,2537.266,2549.51
32768,gompi2024a,ON,1,96,collective-osu_allreduce,103.17699999999999,0.41711455927065827,102.45,109.982,112.45,119.09400000000001,130.18
32768,gompi2024a,ON,4,4,collective-osu_allgather,28.622000000000003,0.03601851375797368,28.439999999999998,29.275,29.52,32.197,34.29
32768,gompi2024a,ON,4,4,collective-osu_allreduce,29.49,0.011450376024878407,29.41,29.801,30.04,30.462,30.93
32768,gompi2024a,ON,4,96,collective-osu_allgather,2224.316,2.721099124332764,2219.325,2231.687,2250.96,2264.389,2325.56
32768,gompi2024a,ON,4,96,collective-osu_allreduce,134.96800000000002,0.10070639392698834,134.76999999999998,137.76399999999998,138.66,140.919,142.48
32768,intel2024a,OFF,1,4,collective-osu_allgather,14.893,0.011259563836036383,14.85,14.959999999999999,15.0,16.409,17.28
32768,intel2024a,OFF,1,4,collective-osu_allreduce,13.809999999999999,0.013743685418725502,13.76,13.868,13.93,15.255,16.33
32768,intel2024a,OFF,1,96,collective-osu_allgather,726.95,2.5872318970067045,726.6949999999999,732.795,746.41,736.408,749.5
32768,intel2024a,OFF,1,96,collective-osu_allreduce,86.626,0.8788176400394137,40.94,218.102,230.99,247.743,273.89
32768,intel2024a,OFF,4,4,collective-osu_allgather,28.061,0.027343494046421165,27.91,28.298000000000002,28.49,31.014,32.69
32768,intel2024a,OFF,4,4,collective-osu_allreduce,33.302,0.023084386257573888,33.1,33.583,34.02,36.569,38.5
32768,intel2024a,OFF,4,96,collective-osu_allgather,1045.3899999999999,0.9748128025421062,1044.7,1049.653,1053.42,1075.702,1199.0
32768,intel2024a,OFF,4,96,collective-osu_allreduce,113.032,8.952054363850419,71.065,79.061,80.83,1227.9389999999999,2695.74
32768,intel2024a,ON,1,4,collective-osu_allgather,15.41,0.013249737942901223,15.325,15.471,15.54,17.303,17.9
32768,intel2024a,ON,1,4,collective-osu_allreduce,14.463,0.014910846164229935,14.385000000000002,14.527000000000001,14.6,16.488999999999997,16.95
32768,intel2024a,ON,1,96,collective-osu_allgather,728.922,3.211225726520426,727.6949999999999,735.042,753.05,756.98,927.57
32768,intel2024a,ON,1,96,collective-osu_allreduce,81.542,1.0758157628309577,41.39,196.512,211.95,245.792,267.0
32768,intel2024a,ON,4,4,collective-osu_allgather,28.631999999999998,0.0257681974534502,28.479999999999997,29.017000000000003,29.23,31.262999999999998,32.44
32768,intel2024a,ON,4,4,collective-osu_allreduce,34.035000000000004,0.02725394976471804,33.81,34.694,35.56,37.891000000000005,41.32
32768,intel2024a,ON,4,96,collective-osu_allgather,1044.856,1.0706054361902053,1044.0500000000002,1049.627,1053.31,1068.2959999999998,1197.48
32768,intel2024a,ON,4,96,collective-osu_allreduce,114.297,9.605608668319194,72.3,77.628,78.51,1379.322,2301.19
65536,gompi2024a,OFF,1,4,collective-osu_allgather,35.301,0.04443347086750434,35.120000000000005,35.626,35.82,39.386,41.51
65536,gompi2024a,OFF,1,4,collective-osu_allreduce,26.116000000000003,0.0992550026726892,25.655,27.363999999999997,28.18,31.503999999999998,35.87
65536,gompi2024a,OFF,1,96,collective-osu_allgather,4439.056,6.0944147836814935,4435.215,4456.8550000000005,4502.84,4473.366,4515.65
65536,gompi2024a,OFF,1,96,collective-osu_allreduce,186.196,0.8220775848759999,186.245,192.63600000000002,195.32,200.628,207.99
65536,gompi2024a,OFF,4,4,collective-osu_allgather,36.755,0.041506358281325616,36.56,37.703,38.1,40.090999999999994,42.4
65536,gompi2024a,OFF,4,4,collective-osu_allreduce,44.111000000000004,0.04140450861118044,44.06,44.434000000000005,44.63,44.908,45.18
65536,gompi2024a,OFF,4,96,collective-osu_allgather,5688.09,3.579762561958592,5686.36,5695.665,5717.1,5739.151,5829.25
65536,gompi2024a,OFF,4,96,collective-osu_allreduce,206.098,0.5933591754671966,205.38,210.29299999999998,212.09,223.05499999999998,294.59
65536,gompi2024a,ON,1,4,collective-osu_allgather,36.086,0.06501623728816613,35.75,37.239999999999995,38.42,39.987,41.2
65536,gompi2024a,ON,1,4,collective-osu_allreduce,26.496,0.07199074014528997,26.09,27.808999999999997,28.36,31.067,35.74
65536,gompi2024a,ON,1,96,collective-osu_allgather,4442.921,4.411451121796546,4442.094999999999,4460.461,4491.37,4476.17,4511.49
65536,gompi2024a,ON,1,96,collective-osu_allreduce,184.25,0.7327103414340785,182.89499999999998,190.256,194.8,197.79500000000002,204.2
65536,gompi2024a,ON,4,4,collective-osu_allgather,37.351,0.024103941586387793,37.09,38.515,38.96,41.217,43.87
65536,gompi2024a,ON,4,4,collective-osu_allreduce,44.777,0.03350124375800626,44.74,45.13,45.27,45.814,46.32
65536,gompi2024a,ON,4,96,collective-osu_allgather,5647.154,5.39991238612054,5639.08,5653.618,5689.83,5720.3730000000005,5933.01
65536,gompi2024a,ON,4,96,collective-osu_allreduce,207.029,0.40063685413212824,206.81,212.026,213.6,218.789,225.36
65536,intel2024a,OFF,1,4,collective-osu_allgather,27.775,0.010027739304327581,27.705,27.845999999999997,27.9,29.858999999999998,30.3
65536,intel2024a,OFF,1,4,collective-osu_allreduce,20.469,0.013370780746754242,20.44,20.543,20.62,22.417,23.09
65536,intel2024a,OFF,1,96,collective-osu_allgather,1946.056,3.2892941492058796,1949.105,1956.3200000000002,1969.43,1969.9189999999999,1998.39
65536,intel2024a,OFF,1,96,collective-osu_allreduce,54.999,0.07971407236701268,54.69,56.041,57.84,59.85600000000001,61.21
65536,intel2024a,OFF,4,4,collective-osu_allgather,36.457,0.024587711474546782,36.27,36.617000000000004,36.88,40.017,41.82
65536,intel2024a,OFF,4,4,collective-osu_allreduce,143.44,0.16906277598047023,143.39999999999998,144.895,145.33,146.597,150.06
65536,intel2024a,OFF,4,96,collective-osu_allgather,2520.572,1.3604531924652257,2519.12,2531.459,2537.3,2551.356,2562.64
65536,intel2024a,OFF,4,96,collective-osu_allreduce,89.848,0.06587530307752294,89.07,90.69500000000001,91.52,98.301,136.07
65536,intel2024a,ON,1,4,collective-osu_allgather,28.339,0.012512216252748938,28.19,28.381999999999998,28.43,30.756,31.85
65536,intel2024a,ON,1,4,collective-osu_allreduce,21.07,0.017638342073764055,20.985,21.141,21.29,23.131999999999998,24.67
65536,intel2024a,ON,1,96,collective-osu_allgather,1941.8650000000002,3.3364516247721157,1943.9299999999998,1952.5459999999998,1964.77,1967.9240000000002,1999.44
65536,intel2024a,ON,1,96,collective-osu_allreduce,55.45,0.05196152422706666,55.09,56.394000000000005,56.93,61.57899999999999,63.4
65536,intel2024a,ON,4,4,collective-osu_allgather,37.065999999999995,0.030081371127142476,36.864999999999995,37.518,38.17,39.944,42.75
65536,intel2024a,ON,4,4,collective-osu_allreduce,144.53,0.1132058106086246,144.445,146.06300000000002,146.43,147.85999999999999,150.07
65536,intel2024a,ON,4,96,collective-osu_allgather,2524.391,1.0766609390972546,2522.5950000000003,2535.5989999999997,2539.57,2558.004,2591.18
65536,intel2024a,ON,4,96,collective-osu_allreduce,90.55,0.060424424789244424,89.705,92.279,93.55,101.99300000000001,128.53
131072,gompi2024a,OFF,1,4,collective-osu_allgather,63.754,0.09950097710296299,63.555,65.616,66.27,69.772,72.28
131072,gompi2024a,OFF,1,4,collective-osu_allreduce,44.937,0.23325736858671803,44.085,47.025999999999996,51.62,56.21900000000001,64.21
131072,gompi2024a,OFF,1,96,collective-osu_allgather,8744.608,9.104932216478376,8740.945,8776.789,8845.87,8811.011,8872.77
131072,gompi2024a,OFF,1,96,collective-osu_allreduce,356.741,1.7510368039789688,353.75,373.40999999999997,381.72,404.15,434.53
131072,gompi2024a,OFF,4,4,collective-osu_allgather,58.896,0.03736308338453919,58.9,61.470000000000006,62.25,63.938,65.35
131072,gompi2024a,OFF,4,4,collective-osu_allreduce,62.489999999999995,0.021908902300206572,62.4,63.27,63.41,64.47200000000001,65.96
131072,gompi2024a,OFF,4,96,collective-osu_allgather,12467.532000000001,11.101252762138543,12451.205,12484.965,12560.31,12570.629,12672.62
131072,gompi2024a,OFF,4,96,collective-osu_allreduce,329.945,0.5281839957186654,328.98,334.529,335.66,357.355,460.96
131072,gompi2024a,ON,1,4,collective-osu_allgather,64.421,0.11094993866104134,64.07,66.32300000000001,66.88,70.567,72.38
131072,gompi2024a,ON,1,4,collective-osu_allreduce,45.801,0.17060317829526028,44.7,48.487,49.56,57.38099999999999,64.11
131072,gompi2024a,ON,1,96,collective-osu_allgather,8744.645,6.13749627743724,8740.865000000002,8779.307,8819.11,8824.345,8949.26
131072,gompi2024a,ON,1,96,collective-osu_allreduce,354.65500000000003,0.8360093699634388,350.25,369.95099999999996,378.07,402.959,417.56
131072,gompi2024a,ON,4,4,collective-osu_allgather,59.271,0.04651045282753381,59.195,62.068000000000005,63.15,64.463,65.83
131072,gompi2024a,ON,4,4,collective-osu_allreduce,63.138,0.03993884213533342,62.945,63.977999999999994,64.64,66.268,67.58
131072,gompi2024a,ON,4,96,collective-osu_allgather,12331.161,11.195627464922854,12315.57,12348.492,12423.63,12413.146,12468.19
131072,gompi2024a,ON,4,96,collective-osu_allreduce,330.866,0.4739484266363913,329.975,335.96799999999996,337.77,347.92600000000004,375.16
131072,intel2024a,OFF,1,4,collective-osu_allgather,53.86900000000001,0.02460578071194701,53.76,53.997,54.11,56.190999999999995,56.7
131072,intel2024a,OFF,1,4,collective-osu_allreduce,34.065999999999995,0.054796593568091835,34.08,34.233,34.31,36.147000000000006,36.43
131072,intel2024a,OFF,1,96,collective-osu_allgather,4338.283,2.794692211238227,4339.58,4378.629,4394.03,4406.773999999999,4431.08
131072,intel2024a,OFF,1,96,collective-osu_allreduce,86.29400000000001,1.0199762524468665,84.61,87.375,89.02,106.58599999999998,239.31
131072,intel2024a,OFF,4,4,collective-osu_allgather,55.403999999999996,0.05317058501757427,55.004999999999995,56.4,57.04,60.689,62.22
131072,intel2024a,OFF,4,4,collective-osu_allreduce,69.051,0.021931712199461856,68.765,70.14500000000001,70.72,73.123,74.88
131072,intel2024a,OFF,4,96,collective-osu_allgather,4975.291,2.756858699478264,4975.4,5005.9580000000005,5019.65,5033.357,5053.18
131072,intel2024a,OFF,4,96,collective-osu_allreduce,135.878,0.08658714300248892,135.53,138.281,138.91,142.641,145.22
131072,intel2024a,ON,1,4,collective-osu_allgather,54.428,0.05126835714594824,54.225,54.54299999999999,54.67,57.108000000000004,61.42
131072,intel2024a,ON,1,4,collective-osu_allreduce,34.717,0.02275717225159756,34.7,34.9,34.96,37.135000000000005,37.77
131072,intel2024a,ON,1,96,collective-osu_allgather,4340.863,3.158738514027347,4346.365,4378.079,4390.2,4412.473,4556.42
131072,intel2024a,ON,1,96,collective-osu_allreduce,85.583,0.09057900173636092,85.0,87.32300000000001,88.5,91.424,94.2
131072,intel2024a,ON,4,4,collective-osu_allgather,55.85600000000001,0.040502400477557585,55.54,56.69199999999999,57.36,59.641,61.58
131072,intel2024a,ON,4,4,collective-osu_allreduce,69.696,0.10584265050851083,69.41,70.811,71.48,74.361,78.44
131072,intel2024a,ON,4,96,collective-osu_allgather,4980.322,2.06236099868306,4983.195,5010.456,5020.76,5037.666,5057.77
131072,intel2024a,ON,4,96,collective-osu_allreduce,136.382,0.07278278184662473,136.035,138.823,139.64,142.844,144.41
262144,gompi2024a,OFF,1,4,collective-osu_allgather,115.026,0.6353235396237104,114.515,118.13399999999999,121.7,120.601,123.47
262144,gompi2024a,OFF,1,4,collective-osu_allreduce,86.075,0.05443140433405761,85.645,87.36,88.95,91.061,92.41
262144,gompi2024a,OFF,1,96,collective-osu_allgather,19943.652000000002,9.609167127742637,20000.695,20239.146,20272.08,20348.94,20400.8
262144,gompi2024a,OFF,1,96,collective-osu_allreduce,274.40999999999997,1.3310997959081317,264.245,310.771,321.86,397.277,851.1
262144,gompi2024a,OFF,4,4,collective-osu_allgather,95.485,0.12244953609095045,93.92,99.588,100.56,103.41,106.0
262144,gompi2024a,OFF,4,4,collective-osu_allreduce,88.765,0.05306704354975055,88.305,90.601,91.27,96.736,100.63
262144,gompi2024a,OFF,4,96,collective-osu_allgather,25994.888,21.762276627228225,25974.34,26028.629999999997,26159.24,26164.813000000002,26284.22
262144,gompi2024a,OFF,4,96,collective-osu_allreduce,587.258,2.6660494285657146,584.065,589.938,593.16,631.51,736.61
262144,gompi2024a,ON,1,4,collective-osu_allgather,115.63399999999999,0.3475667801540683,116.135,118.87899999999999,119.85,121.89500000000001,123.23
262144,gompi2024a,ON,1,4,collective-osu_allreduce,87.159,0.12717835245564998,86.34,89.54299999999999,90.43,96.201,108.9
262144,gompi2024a,ON,1,96,collective-osu_allgather,19983.239999999998,10.932465209437213,20043.755,20260.989,20330.97,20380.171,20456.96
262144,gompi2024a,ON,1,96,collective-osu_allreduce,276.586,1.3889590026747045,266.24,312.111,323.09,400.783,817.92
262144,gompi2024a,ON,4,4,collective-osu_allgather,95.543,0.08839369007143283,94.37,99.385,100.05,101.85,103.14
262144,gompi2024a,ON,4,4,collective-osu_allreduce,90.384,0.2963901332890665,89.4,91.861,92.48,98.603,115.27
262144,gompi2024a,ON,4,96,collective-osu_allgather,25745.417,22.395562658209442,25727.04,25780.852,25923.09,25922.086000000003,26018.95
262144,gompi2024a,ON,4,96,collective-osu_allreduce,584.033,0.7847717998104771,581.7950000000001,588.856,592.69,642.17,714.52
262144,intel2024a,OFF,1,4,collective-osu_allgather,102.82300000000001,0.2836901674558198,102.32499999999999,104.077,106.6,106.34,108.13
262144,intel2024a,OFF,1,4,collective-osu_allreduce,58.809000000000005,0.3548002567955976,58.26,58.521,58.8,65.344,106.82
262144,intel2024a,OFF,1,96,collective-osu_allgather,9218.857,3.617743940941981,9222.715,9257.499,9267.25,9292.614,9340.7
262144,intel2024a,OFF,1,96,collective-osu_allreduce,146.522,0.16180097513783817,145.54500000000002,149.69099999999997,151.14,154.381,159.43
262144,intel2024a,OFF,4,4,collective-osu_allgather,93.05,0.058916136254095273,92.77,93.845,94.65,96.857,98.82
262144,intel2024a,OFF,4,4,collective-osu_allreduce,78.27000000000001,0.04763285514105664,78.08,78.95,79.25,80.554,81.2
262144,intel2024a,OFF,4,96,collective-osu_allgather,10056.85,2.99684945679071,10054.93,10113.566,10129.34,10167.359,10198.42
262144,intel2024a,OFF,4,96,collective-osu_allreduce,1029.461,0.3624038569821689,1028.3400000000001,1038.1950000000002,1039.39,1054.825,1106.18
262144,intel2024a,ON,1,4,collective-osu_allgather,104.054,0.2695972304506607,103.7,105.89200000000001,107.88,107.48799999999999,109.16
262144,intel2024a,ON,1,4,collective-osu_allreduce,59.065999999999995,0.05613871708148985,58.875,59.254999999999995,59.82,61.73,62.24
262144,intel2024a,ON,1,96,collective-osu_allgather,9220.224,3.21057530324046,9217.93,9258.072,9284.19,9300.826,9330.11
262144,intel2024a,ON,1,96,collective-osu_allreduce,146.908,0.13368952423016928,145.82999999999998,149.876,150.64,154.454,160.34
262144,intel2024a,ON,4,4,collective-osu_allgather,94.039,0.15437652383413444,93.35499999999999,94.94500000000001,95.53,100.38300000000001,101.8
262144,intel2024a,ON,4,4,collective-osu_allreduce,78.973,0.047727234247218156,78.86500000000001,79.683,80.23,81.548,83.15
262144,intel2024a,ON,4,96,collective-osu_allgather,10069.723999999998,2.699139451339605,10068.525000000001,10129.198,10141.63,10180.838,10223.29
262144,intel2024a,ON,4,96,collective-osu_allreduce,1029.0459999999998,0.5469170158463021,1028.9250000000002,1038.433,1040.39,1050.306,1054.82
524288,gompi2024a,OFF,1,4,collective-osu_allgather,246.863,0.7889346543845626,245.985,251.539,256.56,256.881,263.13
524288,gompi2024a,OFF,1,4,collective-osu_allreduce,175.23499999999999,0.7194137273579857,174.835,178.921,182.57,182.08599999999998,187.25
524288,gompi2024a,OFF,1,96,collective-osu_allgather,34619.468,51.79875264049408,34634.270000000004,34818.619,35131.42,34926.474,35288.72
524288,gompi2024a,OFF,1,96,collective-osu_allreduce,480.98100000000005,1.0109890097215606,479.96500000000003,487.95500000000004,491.21,498.838,526.98
524288,gompi2024a,OFF,4,4,collective-osu_allgather,173.26399999999998,0.5739845139219528,170.79000000000002,177.821,178.99,180.679,183.0
524288,gompi2024a,OFF,4,4,collective-osu_allreduce,162.163,0.4318694504386977,162.26,166.786,168.46,174.05700000000002,178.41
524288,gompi2024a,OFF,4,96,collective-osu_allgather,53663.915,39.07925733543176,53635.95,53731.668000000005,53936.45,53853.966,54127.98
524288,gompi2024a,OFF,4,96,collective-osu_allreduce,1225.6889999999999,3.6812369448928983,1221.46,1248.849,1262.83,1270.8899999999999,1293.2
524288,gompi2024a,ON,1,4,collective-osu_allgather,250.219,0.6164277915719096,249.985,255.175,257.44,260.48,262.71
524288,gompi2024a,ON,1,4,collective-osu_allreduce,177.28699999999998,0.8359001136499509,177.095,180.911,185.21,184.202,187.82
524288,gompi2024a,ON,1,96,collective-osu_allgather,34625.844,33.02969970597164,34669.53,34872.297000000006,34990.12,34973.941,35102.49
524288,gompi2024a,ON,1,96,collective-osu_allreduce,483.48900000000003,0.8611987123900151,482.39,492.238,498.88,499.338,508.93
524288,gompi2024a,ON,4,4,collective-osu_allgather,173.355,0.5107124653092218,171.065,177.877,179.16,181.656,183.44
524288,gompi2024a,ON,4,4,collective-osu_allreduce,163.611,0.5043201143894402,162.735,169.19,170.78,177.036,179.45
524288,gompi2024a,ON,4,96,collective-osu_allgather,53264.068999999996,34.454660882898985,53243.455,53331.963,53531.19,53491.868,53705.34
524288,gompi2024a,ON,4,96,collective-osu_allreduce,1230.516,4.064966365857844,1224.4250000000002,1252.3799999999999,1267.97,1299.3700000000001,1432.27
524288,intel2024a,OFF,1,4,collective-osu_allgather,262.43899999999996,0.2936265579874432,261.735,265.495,266.75,269.198,285.11
524288,intel2024a,OFF,1,4,collective-osu_allreduce,112.277,0.1994885126183131,111.65,114.172,115.65,115.575,116.97
524288,intel2024a,OFF,1,96,collective-osu_allgather,35289.824,40.48261402407512,35347.96000000001,35515.61,35611.15,35610.269,35716.78
524288,intel2024a,OFF,1,96,collective-osu_allreduce,272.21999999999997,0.5292657387572158,271.51,276.264,278.33,280.306,283.36
524288,intel2024a,OFF,4,4,collective-osu_allgather,170.398,0.3209250518250156,169.21,172.055,173.89,177.502,180.05
524288,intel2024a,OFF,4,4,collective-osu_allreduce,135.696,0.1312774838949069,135.005,138.259,138.89,142.393,143.65
524288,intel2024a,OFF,4,96,collective-osu_allgather,29730.268,112.01189085489489,29581.02,29813.775,30307.65,29865.935999999998,30365.84
524288,intel2024a,OFF,4,96,collective-osu_allreduce,1192.069,0.5031930268020756,1191.4499999999998,1196.984,1198.7,1210.8,1231.69
524288,intel2024a,ON,1,4,collective-osu_allgather,264.35299999999995,0.2574794490181046,263.29999999999995,267.318,268.97,269.49899999999997,271.23
524288,intel2024a,ON,1,4,collective-osu_allreduce,113.02000000000001,0.20808652046684822,112.345,115.16400000000002,116.06,116.423,117.31
524288,intel2024a,ON,1,96,collective-osu_allgather,35324.243,29.527433122060888,35383.02,35514.828,35716.66,35617.21,35911.13
524288,intel2024a,ON,1,96,collective-osu_allreduce,273.23,0.6758451499172515,272.33000000000004,277.844,288.17,283.397,297.11
524288,intel2024a,ON,4,4,collective-osu_allgather,171.48,0.33049457887636724,169.89499999999998,174.391,179.31,181.645,186.27
524288,intel2024a,ON,4,4,collective-osu_allreduce,136.249,0.08031120027050409,135.51,138.999,139.8,144.56599999999997,147.51
524288,intel2024a,ON,4,96,collective-osu_allgather,29810.154,101.199662518102,29749.114999999998,29900.908000000003,30348.48,29953.696000000004,30420.22
524288,intel2024a,ON,4,96,collective-osu_allreduce,1193.094,1.2901939561338922,1191.985,1197.788,1200.4,1225.317,1304.89
1048576,gompi2024a,OFF,1,4,collective-osu_allgather,468.811,0.7157256612852593,467.975,473.13,476.74,487.974,560.61
1048576,gompi2024a,OFF,1,4,collective-osu_allreduce,359.254,0.7266730886566364,358.905,363.776,367.03,368.884,373.61
1048576,gompi2024a,OFF,1,96,collective-osu_allgather,54176.403000000006,48.100165304636285,54118.435,54237.683999999994,54540.88,54448.855,54805.16
1048576,gompi2024a,OFF,1,96,collective-osu_allreduce,1050.54,1.8820178296475087,1051.79,1059.7289999999998,1069.07,1066.795,1074.85
1048576,gompi2024a,OFF,4,4,collective-osu_allgather,343.336,0.9761070068844327,343.78,347.067,355.39,351.0,365.6
1048576,gompi2024a,OFF,4,4,collective-osu_allreduce,310.051,0.6977032957417415,309.65,314.202,316.9,336.803,442.35
1048576,gompi2024a,OFF,4,96,collective-osu_allgather,108097.58699999998,67.32529100568325,108056.91500000001,108197.031,108547.76,108382.06999999999,108722.06
1048576,gompi2024a,OFF,4,96,collective-osu_allreduce,2653.828,10.34155971473033,2642.0,2689.4849999999997,2737.79,2830.703,2974.45
1048576,gompi2024a,ON,1,4,collective-osu_allgather,471.55699999999996,0.887669921135607,471.03,476.294,480.28,485.22799999999995,505.24
1048576,gompi2024a,ON,1,4,collective-osu_allreduce,362.385,0.6809311435249675,362.44500000000005,367.06100000000004,369.58,371.10900000000004,374.02
1048576,gompi2024a,ON,1,96,collective-osu_allgather,54126.114,41.37470204525159,54086.28,54188.537,54434.2,54416.444,54828.3
1048576,gompi2024a,ON,1,96,collective-osu_allreduce,1051.261,2.0792565177646316,1049.6599999999999,1058.02,1063.51,1074.425,1138.59
1048576,gompi2024a,ON,4,4,collective-osu_allgather,343.693,1.1000960059114029,344.23,347.483,349.56,350.884,354.34
1048576,gompi2024a,ON,4,4,collective-osu_allreduce,311.846,1.294010303926001,311.415,317.725,322.8,344.511,435.46
1048576,gompi2024a,ON,4,96,collective-osu_allgather,107487.38500000001,53.54807475012008,107450.17000000001,107582.647,107920.82,107768.456,108091.42
1048576,gompi2024a,ON,4,96,collective-osu_allreduce,2656.532,7.733675251062,2651.3199999999997,2690.007,2750.71,2781.995,2963.07
1048576,intel2024a,OFF,1,4,collective-osu_allgather,516.941,1.2167574851948855,518.1949999999999,519.429,524.15,523.437,535.76
1048576,intel2024a,OFF,1,4,collective-osu_allreduce,279.598,0.16732403692636,278.735,282.18,282.95,283.287,285.5
1048576,intel2024a,OFF,1,96,collective-osu_allgather,54225.058999999994,32.07901828817909,54221.815,54281.704000000005,54521.76,54320.947,54570.89
1048576,intel2024a,OFF,1,96,collective-osu_allreduce,678.364,0.3072971779166778,678.21,683.3030000000001,685.08,696.9939999999999,774.7
1048576,intel2024a,OFF,4,4,collective-osu_allgather,339.592,0.7413153475036415,339.145,341.84299999999996,345.93,345.61199999999997,355.3
1048576,intel2024a,OFF,4,4,collective-osu_allreduce,230.814,0.37867957724469675,231.45499999999998,235.45,236.69,239.856,248.62
1048576,intel2024a,OFF,4,96,collective-osu_allgather,48032.58,17.676287631865698,48024.535,48207.073,48279.57,48343.311,48503.09
1048576,intel2024a,OFF,4,96,collective-osu_allreduce,1032.56,1.3082838631836187,1031.15,1045.339,1052.0,1067.974,1120.42
1048576,intel2024a,ON,1,4,collective-osu_allgather,518.645,1.4638869491869908,521.1700000000001,521.0260000000001,524.66,534.071,616.76
1048576,intel2024a,ON,1,4,collective-osu_allreduce,282.023,0.2823553710407448,281.2,284.48699999999997,286.56,285.382,287.13
1048576,intel2024a,ON,1,96,collective-osu_allgather,54295.676,33.0944695346181,54297.125,54349.545999999995,54521.0,54399.388,54554.89
1048576,intel2024a,ON,1,96,collective-osu_allreduce,680.067,1.060125831105806,678.605,684.588,694.55,705.199,779.51
1048576,intel2024a,ON,4,4,collective-osu_allgather,340.584,1.1340656457581668,339.555,343.547,348.57,351.353,399.14
1048576,intel2024a,ON,4,4,collective-osu_allreduce,232.14299999999997,0.7660012329552024,231.885,237.11999999999998,239.42,241.94299999999998,251.32
1048576,intel2024a,ON,4,96,collective-osu_allgather,48076.018,17.94055262371922,48057.875,48242.832,48311.01,48443.243,48518.62
1048576,intel2024a,ON,4,96,collective-osu_allreduce,1034.7450000000001,1.258115212883506,1032.8400000000001,1047.4370000000001,1056.0,1073.911,1128.79
